"","p_val","avg_log2FC","pct.1","pct.2","p_val_adj","cluster","gene","gene_names"
"4237",1.07824188385278e-31,-0.426440751154203,1,1,5.3912094192639e-28,"NMF_4","4237","MFAP2"
"5920",2.09303246779541e-27,0.377119563924805,1,1,1.04651623389771e-23,"NMF_4","5920","PLAAT4"
"6624",1.06082949942231e-25,-0.379194175660418,1,1,5.30414749711157e-22,"NMF_4","6624","FSCN1"
"2318",3.10065111337447e-24,-0.29455713444468,1,1,1.55032555668723e-20,"NMF_4","2318","FLNC"
"10158",1.70387940343573e-23,0.403405295268499,1,1,8.51939701717867e-20,"NMF_4","10158","PDZK1IP1"
"83439",9.75927759175897e-23,-0.283847673175361,1,1,4.87963879587949e-19,"NMF_4","83439","TCF7L1"
"54587",1.41996088667478e-22,-0.423682763874639,1,1,7.09980443337389e-19,"NMF_4","54587","MXRA8"
"3934",4.05074469355345e-22,0.532823815829162,1,1,2.02537234677673e-18,"NMF_4","3934","LCN2"
"4323",1.71134957662643e-21,-0.387775327350837,1,1,8.55674788313216e-18,"NMF_4","4323","MMP14"
"11167",8.62488810959747e-21,-0.341558738713714,1,1,4.31244405479873e-17,"NMF_4","11167","FSTL1"
"7078",1.19904437517656e-20,-0.470240345800428,1,1,5.99522187588279e-17,"NMF_4","7078","TIMP3"
"4035",9.51002690788414e-20,-0.32434144413017,1,1,4.75501345394207e-16,"NMF_4","4035","LRP1"
"10220",1.26334375498295e-19,-0.255245317363636,1,1,6.31671877491476e-16,"NMF_4","10220","GDF11"
"4239",1.37168062202594e-19,-0.363655420641491,1,1,6.85840311012972e-16,"NMF_4","4239","MFAP4"
"64857",2.45666544785216e-19,-0.280072411277269,1,1,1.22833272392608e-15,"NMF_4","64857","PLEKHG2"
"6382",4.49163862929423e-18,-0.29914154065108,1,1,2.24581931464711e-14,"NMF_4","6382","SDC1"
"165",5.12134162645707e-18,-0.45469480499401,1,1,2.56067081322853e-14,"NMF_4","165","AEBP1"
"2199",1.52833350869004e-17,-0.259057158773406,1,1,7.64166754345021e-14,"NMF_4","2199","FBLN2"
"92312",4.80587866992653e-17,-0.298685692888452,1,1,2.40293933496327e-13,"NMF_4","92312","MEX3A"
"84168",7.78213508544186e-17,-0.330894249956794,1,1,3.89106754272093e-13,"NMF_4","84168","ANTXR1"
"388228",8.68252131002364e-17,-0.25664362872244,1,1,4.34126065501182e-13,"NMF_4","388228","SBK1"
"633",9.84959550518641e-17,-0.35635990044192,1,1,4.9247977525932e-13,"NMF_4","633","BGN"
"3487",1.52248921862949e-16,-0.280144157287127,1,1,7.61244609314743e-13,"NMF_4","3487","IGFBP4"
"5118",2.16011420918169e-16,-0.283152842702551,1,1,1.08005710459084e-12,"NMF_4","5118","PCOLCE"
"5650",2.93555735124487e-16,0.329339149904877,1,1,1.46777867562244e-12,"NMF_4","5650","KLK7"
"284069",4.65803076056273e-16,-0.258674375808121,1,1,2.32901538028137e-12,"NMF_4","284069","FAM171A2"
"11117",1.0372521962103e-15,-0.291344791568611,1,1,5.18626098105148e-12,"NMF_4","11117","EMILIN1"
"9074",1.06282847566349e-15,-0.501451259446149,1,1,5.31414237831743e-12,"NMF_4","9074","CLDN6"
"5159",1.30158038479114e-15,-0.280105617411109,1,1,6.50790192395568e-12,"NMF_4","5159","PDGFRB"
"6678",1.37741720049967e-15,-0.323672017147772,1,1,6.88708600249836e-12,"NMF_4","6678","SPARC"
"5066",1.45760265060904e-15,-0.26758762920684,1,1,7.28801325304521e-12,"NMF_4","5066","PAM"
"4070",4.88259342705665e-15,0.326562298924359,1,1,2.44129671352832e-11,"NMF_4","4070","TACSTD2"
"3108",1.12565671497187e-14,0.261318912896451,1,1,5.62828357485936e-11,"NMF_4","3108","HLA-DMA"
"2200",1.47956534858576e-14,-0.30917773519652,1,1,7.39782674292882e-11,"NMF_4","2200","FBN1"
"7846",2.66778170605534e-14,-0.28251552762546,1,1,1.33389085302767e-10,"NMF_4","7846","TUBA1A"
"894",3.52017277361777e-14,-0.260860833049282,1,1,1.76008638680888e-10,"NMF_4","894","CCND2"
"1289",1.1976800117563e-13,-0.483992315519613,1,1,5.98840005878149e-10,"NMF_4","1289","COL5A1"
"79679",1.9349571957532e-13,0.333751933667204,1,1,9.674785978766e-10,"NMF_4","79679","VTCN1"
"1580",2.52983867974307e-13,0.34123678036386,1,1,1.26491933987154e-09,"NMF_4","1580","CYP4B1"
"3488",2.76552562572732e-13,-0.338150965066947,1,1,1.38276281286366e-09,"NMF_4","3488","IGFBP5"
"9415",3.25492606212538e-13,-0.265208099274816,1,1,1.62746303106269e-09,"NMF_4","9415","FADS2"
"81618",3.37749775479801e-13,-0.331743258542559,1,1,1.68874887739901e-09,"NMF_4","81618","ITM2C"
"6277",3.69046612889504e-13,0.306867727426009,1,1,1.84523306444752e-09,"NMF_4","6277","S100A6"
"4854",4.74016384322306e-13,-0.255355824943562,1,1,2.37008192161153e-09,"NMF_4","4854","NOTCH3"
"1301",6.54261334938579e-13,-0.401836348017546,1,1,3.27130667469290e-09,"NMF_4","1301","COL11A1"
"1311",7.90801432408756e-13,-0.315245904880917,0.993,1,3.95400716204378e-09,"NMF_4","1311","COMP"
"2006",7.96576932558811e-13,-0.257231303130547,1,1,3.98288466279405e-09,"NMF_4","2006","ELN"
"1009",8.3210951140972e-13,-0.279433172696527,1,1,4.1605475570486e-09,"NMF_4","1009","CDH11"
"3123",9.21179338972034e-13,0.294888017811707,1,1,4.60589669486017e-09,"NMF_4","3123","HLA-DRB1"
"1278",1.05717680219859e-12,-0.309173186324439,1,1,5.28588401099293e-09,"NMF_4","1278","COL1A2"
"4582",1.25738967176985e-12,0.256159214598283,1,1,6.28694835884927e-09,"NMF_4","4582","MUC1"
"284340",1.58314057552284e-12,0.304719670900274,1,1,7.91570287761419e-09,"NMF_4","284340","CXCL17"
"4313",1.62927779378473e-12,-0.386980337349091,1,1,8.14638896892366e-09,"NMF_4","4313","MMP2"
"2260",1.78852148138127e-12,-0.253867489262869,1,1,8.94260740690637e-09,"NMF_4","2260","FGFR1"
"1191",2.41461179797875e-12,0.272108909738621,1,1,1.20730589898938e-08,"NMF_4","1191","CLU"
"1277",2.78392376453018e-12,-0.305705897151539,1,1,1.39196188226509e-08,"NMF_4","1277","COL1A1"
"1292",4.76418714717735e-12,-0.322434726572412,1,1,2.38209357358867e-08,"NMF_4","1292","COL6A2"
"2192",4.96941701209537e-12,-0.257740664019697,1,1,2.48470850604768e-08,"NMF_4","2192","FBLN1"
"1462",5.63850260179908e-12,-0.39331959875036,1,1,2.81925130089954e-08,"NMF_4","1462","VCAN"
"116113",6.48569407716956e-12,-0.254047611347238,1,1,3.24284703858478e-08,"NMF_4","116113","FOXP4"
"2335",6.66952114995654e-12,-0.402825936075476,1,1,3.33476057497827e-08,"NMF_4","2335","FN1"
"115908",7.10200220941838e-12,-0.276654517252711,1,1,3.55100110470919e-08,"NMF_4","115908","CTHRC1"
"6387",9.25146742434769e-12,-0.277789167266394,1,1,4.62573371217384e-08,"NMF_4","6387","CXCL12"
"1672",9.31588674030493e-12,0.252455716015832,1,1,4.65794337015247e-08,"NMF_4","1672","DEFB1"
"1116",1.8938863793865e-11,0.303299511974502,1,1,9.46943189693249e-08,"NMF_4","1116","CHI3L1"
"84467",2.35596516684396e-11,-0.258248508311061,0.993,1,1.17798258342198e-07,"NMF_4","84467","FBN3"
"1281",2.66263578830658e-11,-0.387667438126696,1,1,1.33131789415329e-07,"NMF_4","1281","COL3A1"
"8743",3.88837572980074e-11,0.266689288827586,1,1,1.94418786490037e-07,"NMF_4","8743","TNFSF10"
"150696",4.59999972808852e-11,0.268144842020793,1,1,2.29999986404426e-07,"NMF_4","150696","PROM2"
"1290",6.25702271009898e-11,-0.398700504616827,1,1,3.12851135504949e-07,"NMF_4","1290","COL5A2"
"4232",6.73263875177242e-11,-0.277923127494026,1,1,3.36631937588621e-07,"NMF_4","4232","MEST"
"3339",6.86837426196226e-11,-0.279377211179629,1,1,3.43418713098113e-07,"NMF_4","3339","HSPG2"
"5176",8.21675649229685e-11,-0.315698065712092,1,1,4.10837824614843e-07,"NMF_4","5176","SERPINF1"
"1293",9.44135927114579e-11,-0.360389368974362,1,1,4.72067963557289e-07,"NMF_4","1293","COL6A3"
"1291",1.22868563573026e-10,-0.307127469374691,1,1,6.1434281786513e-07,"NMF_4","1291","COL6A1"
"1634",2.25331097784534e-10,-0.353036667888379,1,1,1.12665548892267e-06,"NMF_4","1634","DCN"
"5016",2.46690984341179e-10,0.305885623910864,1,1,1.23345492170589e-06,"NMF_4","5016","OVGP1"
"547",3.74698736249546e-10,-0.368473025876686,1,1,1.87349368124773e-06,"NMF_4","547","KIF1A"
"3429",3.8195958026218e-10,0.28800531086314,1,1,1.9097979013109e-06,"NMF_4","3429","IFI27"
"9547",6.00031587896424e-10,-0.254383743357818,1,1,3.00015793948212e-06,"NMF_4","9547","CXCL14"
"8091",6.47317172525060e-10,-0.359048298451983,1,1,3.2365858626253e-06,"NMF_4","8091","HMGA2"
"59",8.59235427166464e-10,-0.277674534094932,1,1,4.29617713583232e-06,"NMF_4","59","ACTA2"
"6623",1.03020319901022e-09,0.29494813492952,1,1,5.15101599505112e-06,"NMF_4","6623","SNCG"
"1295",1.07620006691519e-09,-0.312434272439359,1,1,5.38100033457596e-06,"NMF_4","1295","COL8A1"
"3975",1.13734161730127e-09,-0.284375593567812,0.94,0.982,5.68670808650636e-06,"NMF_4","3975","LHX1"
"2348",1.41468749146737e-09,0.269763977649439,1,1,7.07343745733687e-06,"NMF_4","2348","FOLR1"
"7058",1.41468749146737e-09,-0.341490548124025,1,1,7.07343745733687e-06,"NMF_4","7058","THBS2"
"5655",2.02288084286406e-09,0.26018588203638,1,1,1.01144042143203e-05,"NMF_4","5655","KLK10"
"6590",3.08239638077514e-09,0.25970334882824,1,1,1.54119819038757e-05,"NMF_4","6590","SLPI"
"718",4.37616832599138e-09,0.267965722017619,1,1,2.18808416299569e-05,"NMF_4","718","C3"
"151887",7.62414095204268e-09,-0.280280993516193,1,1,3.81207047602134e-05,"NMF_4","151887","CCDC80"
"8425",7.80690713412185e-09,-0.283485921310726,1,1,3.90345356706093e-05,"NMF_4","8425","LTBP4"
"3481",1.19964913344924e-08,-0.422201475098604,1,1,5.99824566724619e-05,"NMF_4","3481","IGF2"
"92196",1.85526899808605e-08,0.331493308162143,1,1,9.27634499043023e-05,"NMF_4","92196","DAPL1"
"6424",1.94296478012033e-08,-0.287073738091777,1,1,9.71482390060165e-05,"NMF_4","6424","SFRP4"
"4060",2.93614198068061e-08,-0.414567268465069,1,1,0.000146807099034031,"NMF_4","4060","LUM"
"655",5.4947877829192e-08,-0.264916497384377,1,1,0.00027473938914596,"NMF_4","655","BMP7"
"4320",1.9805745187561e-07,-0.392922707993148,1,1,0.000990287259378048,"NMF_4","4320","MMP11"
"5076",2.93448090863741e-07,-0.303728524384428,0.927,0.972,0.0014672404543187,"NMF_4","5076","PAX2"
"28468",4.61587443172805e-07,-0.264469646554018,0.987,0.968,0.00230793721586403,"NMF_4","28468","IGHV1-18"
"1513",4.78820050884471e-07,-0.284471229859879,1,1,0.00239410025442236,"NMF_4","1513","CTSK"
"3240",6.33351765974397e-07,0.254997605466152,1,1,0.00316675882987198,"NMF_4","3240","HP"
"28439",6.56232826043671e-07,-0.251727807387176,0.98,0.954,0.00328116413021835,"NMF_4","28439","IGHV3-30"
"3500",9.06351908042275e-07,-0.602999344094877,1,1,0.00453175954021137,"NMF_4","3500","IGHG1"
"5054",9.88073654595048e-07,-0.269039218858262,1,1,0.00494036827297524,"NMF_4","5054","SERPINE1"
"28813",1.68909838943328e-06,-0.280249245500924,0.987,0.94,0.00844549194716638,"NMF_4","28813","IGLV2-23"
"6423",1.76767593319213e-06,-0.409818030792731,0.993,1,0.00883837966596064,"NMF_4","6423","SFRP2"
"28444",3.40146169233003e-06,-0.256381876983227,0.96,0.945,0.0170073084616502,"NMF_4","28444","IGHV3-21"
"3502",3.66146383015239e-06,-0.344781988614844,1,1,0.0183073191507619,"NMF_4","3502","IGHG3"
"10631",3.97328793476917e-06,-0.367561470054115,1,1,0.0198664396738458,"NMF_4","10631","POSTN"
"28394",4.71749853752948e-06,-0.281503968843326,0.98,0.954,0.0235874926876474,"NMF_4","28394","IGHV4-39"
"28796",6.72084718795048e-06,-0.285933276784251,0.987,0.927,0.0336042359397524,"NMF_4","28796","IGLV3-21"
"28914",6.85614161301526e-06,-0.354296409948945,1,0.968,0.0342807080650763,"NMF_4","28914","IGKV3-11"
"3514",1.16303348199006e-05,-0.542428994403277,1,1,0.0581516740995028,"NMF_4","3514","IGKC"
"28912",1.44741754259693e-05,-0.43203494307324,1,0.977,0.0723708771298465,"NMF_4","28912","IGKV3-20"
"25818",1.77341854652283e-05,0.28026806085805,1,1,0.0886709273261413,"NMF_4","25818","KLK5"
"28299",1.93104580811368e-05,-0.392636248825617,0.993,0.982,0.0965522904056842,"NMF_4","28299","IGKV1-5"
"28908",2.72922420990276e-05,-0.424404557594076,0.993,0.963,0.136461210495138,"NMF_4","28908","IGKV4-1"
"28442",3.53228033341095e-05,-0.263909507112391,1,0.959,0.176614016670548,"NMF_4","28442","IGHV3-23"
"28825",4.13502862503424e-05,-0.329748870083155,0.993,0.94,0.206751431251712,"NMF_4","28825","IGLV1-40"
"586",4.27279884287011e-05,-0.256826635529586,1,1,0.213639942143505,"NMF_4","586","BCAT1"
"3501",7.5712224373208e-05,-0.378185221220878,1,0.995,0.37856112186604,"NMF_4","3501","IGHG2"
"3507",0.000175325228966779,-0.35568059243133,1,1,0.876626144833897,"NMF_4","3507","IGHM"
"28815",0.000179554947711426,-0.278957954179311,1,0.977,0.897774738557128,"NMF_4","28815","IGLV2-14"
"3538",0.000223972535692584,-0.412800877667344,1,1,1,"NMF_4","3538","IGLC2"
"3539",0.000322430758948905,-0.31415284617182,1,1,1,"NMF_4","3539","IGLC3"
"1289.1",1.32048854294858e-43,0.913729925262721,1,1,6.60244271474292e-40,"NMF_2","1289","COL5A1"
"1277.1",4.14331252163322e-43,0.617399174897433,1,1,2.07165626081661e-39,"NMF_2","1277","COL1A1"
"1278.1",4.55616766694189e-43,0.611527323580611,1,1,2.27808383347094e-39,"NMF_2","1278","COL1A2"
"1281.1",2.744842200838e-42,0.778353250494946,1,1,1.372421100419e-38,"NMF_2","1281","COL3A1"
"1462.1",3.6964832206055e-42,0.762883794273898,1,1,1.84824161030275e-38,"NMF_2","1462","VCAN"
"1290.1",9.43350617184361e-42,0.815682324585998,1,1,4.7167530859218e-38,"NMF_2","1290","COL5A2"
"1293.1",9.73197249004978e-42,0.747815120324953,1,1,4.86598624502489e-38,"NMF_2","1293","COL6A3"
"165.1",9.88470906455688e-42,0.757140696044499,1,1,4.94235453227844e-38,"NMF_2","165","AEBP1"
"6678.1",2.58920308082239e-41,0.569037118286457,1,1,1.2946015404112e-37,"NMF_2","6678","SPARC"
"4313.1",4.58883292508055e-41,0.745993309254285,1,1,2.29441646254027e-37,"NMF_2","4313","MMP2"
"8038",5.11252532837418e-41,0.518196249133124,1,1,2.55626266418709e-37,"NMF_2","8038","ADAM12"
"2335.1",7.51671100335268e-41,0.773439049504869,1,1,3.75835550167634e-37,"NMF_2","2335","FN1"
"7058.1",9.32423364961634e-41,0.72275956603916,1,1,4.66211682480817e-37,"NMF_2","7058","THBS2"
"2191",1.57191881258353e-40,0.287100262590904,1,0.996,7.85959406291763e-37,"NMF_2","2191","FAP"
"2200.1",2.23611590335949e-40,0.597091721878444,1,1,1.11805795167975e-36,"NMF_2","2200","FBN1"
"22801",5.02421497369484e-40,0.552330276241656,1,1,2.51210748684742e-36,"NMF_2","22801","ITGA11"
"81792",9.5179953040589e-40,0.387074803097545,1,1,4.75899765202945e-36,"NMF_2","81792","ADAMTS12"
"4017",1.30891053070482e-39,0.379238321529036,1,1,6.54455265352408e-36,"NMF_2","4017","LOXL2"
"1295.1",1.74534761313645e-39,0.655408810059389,1,1,8.72673806568226e-36,"NMF_2","1295","COL8A1"
"83716",3.71346986518628e-39,0.512606817935986,1,1,1.85673493259314e-35,"NMF_2","83716","CRISPLD2"
"9509",5.01814477040601e-39,0.463385332474985,1,1,2.50907238520301e-35,"NMF_2","9509","ADAMTS2"
"4060.1",6.67665235676037e-39,0.89311977179089,1,1,3.33832617838018e-35,"NMF_2","4060","LUM"
"114904",7.99427711838409e-39,0.332491230175108,1,1,3.99713855919205e-35,"NMF_2","114904","C1QTNF6"
"4015",1.87591923974472e-38,0.507011764275436,1,1,9.37959619872358e-35,"NMF_2","4015","LOX"
"1634.1",2.64342873598608e-38,0.714130671551952,1,1,1.32171436799304e-34,"NMF_2","1634","DCN"
"1292.1",3.16055756457523e-38,0.633704022365772,1,1,1.58027878228762e-34,"NMF_2","1292","COL6A2"
"633.1",3.61332760489414e-38,0.57977609422259,1,1,1.80666380244707e-34,"NMF_2","633","BGN"
"5396",5.55837018356416e-38,0.436495207890686,1,1,2.77918509178208e-34,"NMF_2","5396","PRRX1"
"1893",5.89805453713596e-38,0.407088806041084,1,1,2.94902726856798e-34,"NMF_2","1893","ECM1"
"1009.1",1.01993397994202e-37,0.529030251756297,1,1,5.09966989971011e-34,"NMF_2","1009","CDH11"
"1301.1",1.45360980464649e-37,0.787617703247328,1,1,7.26804902323245e-34,"NMF_2","1301","COL11A1"
"3624",4.12816266509155e-37,0.474555875352658,1,1,2.06408133254577e-33,"NMF_2","3624","INHBA"
"131578",5.2181602444384e-37,0.475706575585118,1,0.996,2.6090801222192e-33,"NMF_2","131578","LRRC15"
"1513.1",5.29508143956536e-37,0.621691159059827,1,1,2.64754071978268e-33,"NMF_2","1513","CTSK"
"81035",5.69692267733463e-37,0.304946131151787,1,1,2.84846133866731e-33,"NMF_2","81035","COLEC12"
"5176.1",7.41117285884273e-37,0.592491179053635,1,1,3.70558642942136e-33,"NMF_2","5176","SERPINF1"
"23452",9.77871677571271e-37,0.353418386223313,1,1,4.88935838785635e-33,"NMF_2","23452","ANGPTL2"
"84168.1",9.92230994522748e-37,0.543348749535529,1,1,4.96115497261374e-33,"NMF_2","84168","ANTXR1"
"3678",1.77576730811133e-36,0.423646268326269,1,1,8.87883654055667e-33,"NMF_2","3678","ITGA5"
"284297",4.61832431124326e-36,0.316458440798929,1,1,2.30916215562163e-32,"NMF_2","284297","SSC5D"
"25903",6.43518938328258e-36,0.423161857618006,1,1,3.21759469164129e-32,"NMF_2","25903","OLFML2B"
"4323.1",8.33889648639107e-36,0.54859044230518,1,1,4.16944824319554e-32,"NMF_2","4323","MMP14"
"1307",1.06471908959667e-35,0.404928655882358,1,1,5.32359544798336e-32,"NMF_2","1307","COL16A1"
"5159.1",1.26488044778754e-35,0.477116555052384,1,1,6.32440223893771e-32,"NMF_2","5159","PDGFRB"
"90993",1.61397672266446e-35,0.374365704631198,1,1,8.06988361332231e-32,"NMF_2","90993","CREB3L1"
"115908.1",1.94414866136061e-35,0.533006101417963,1,1,9.72074330680303e-32,"NMF_2","115908","CTHRC1"
"10631.1",2.00058365286919e-35,0.824220252034398,1,1,1.0002918264346e-31,"NMF_2","10631","POSTN"
"7057",2.17984134562172e-35,0.576448024815878,1,1,1.08992067281086e-31,"NMF_2","7057","THBS1"
"55083",4.44837779163209e-35,0.377198464201075,1,1,2.22418889581605e-31,"NMF_2","55083","KIF26B"
"59.1",5.42857635836892e-35,0.600117630254013,1,1,2.71428817918446e-31,"NMF_2","59","ACTA2"
"84627",5.7461293824651e-35,0.402117800208967,1,1,2.87306469123255e-31,"NMF_2","84627","ZNF469"
"11117.1",1.23537244155578e-34,0.494733064865824,1,1,6.17686220777891e-31,"NMF_2","11117","EMILIN1"
"1291.1",1.36385768199021e-34,0.606172125137438,1,1,6.81928840995107e-31,"NMF_2","1291","COL6A1"
"7078.1",5.11832077244356e-34,0.691820116329053,1,1,2.55916038622178e-30,"NMF_2","7078","TIMP3"
"127435",6.22648623505234e-34,0.298037031772059,1,1,3.11324311752617e-30,"NMF_2","127435","PODN"
"5376",9.46804934864963e-34,0.268384407053993,1,1,4.73402467432482e-30,"NMF_2","5376","PMP22"
"151887.1",1.3792450603689e-33,0.596211013253247,1,1,6.89622530184451e-30,"NMF_2","151887","CCDC80"
"11259",2.61243467151487e-33,0.332849425696944,1,1,1.30621733575743e-29,"NMF_2","11259","FILIP1L"
"27295",3.00049186632033e-33,0.35622810782178,1,1,1.50024593316017e-29,"NMF_2","27295","PDLIM3"
"1300",4.35820024557245e-33,0.514495360430238,1,0.996,2.17910012278622e-29,"NMF_2","1300","COL10A1"
"10630",5.14311180340751e-33,0.318246436842318,1,1,2.57155590170375e-29,"NMF_2","10630","PDPN"
"6423.1",6.96411241772113e-33,0.817098487283136,1,0.996,3.48205620886057e-29,"NMF_2","6423","SFRP2"
"10417",7.15845780437408e-33,0.309624708943228,1,1,3.57922890218704e-29,"NMF_2","10417","SPON2"
"57333",9.42393200154686e-33,0.361587164347183,1,1,4.71196600077343e-29,"NMF_2","57333","RCN3"
"25907",9.68636840144144e-33,0.298559026558792,1,1,4.84318420072072e-29,"NMF_2","25907","TMEM158"
"50509",1.15782614814382e-32,0.342163192442826,1,1,5.78913074071908e-29,"NMF_2","50509","COL5A3"
"9891",1.58669578998292e-32,0.253724392410369,1,1,7.93347894991461e-29,"NMF_2","9891","NUAK1"
"84624",1.60855866387265e-32,0.486726746461067,1,1,8.04279331936325e-29,"NMF_2","84624","FNDC1"
"7045",2.55959215104088e-32,0.544380718538269,1,1,1.27979607552044e-28,"NMF_2","7045","TGFBI"
"57124",2.89375397062513e-32,0.291879293867397,1,1,1.44687698531256e-28,"NMF_2","57124","CD248"
"4320.1",3.3614968601758e-32,0.884677372287268,1,1,1.6807484300879e-28,"NMF_2","4320","MMP11"
"4016",3.549588298465e-32,0.367921836713486,1,1,1.7747941492325e-28,"NMF_2","4016","LOXL1"
"5328",5.48295671116999e-32,0.46967175244783,1,1,2.74147835558499e-28,"NMF_2","5328","PLAU"
"5118.1",6.19470973713497e-32,0.398628039265178,1,1,3.09735486856749e-28,"NMF_2","5118","PCOLCE"
"2706",6.71943834914104e-32,0.384661283732523,1,1,3.35971917457052e-28,"NMF_2","2706","GJB2"
"6424.1",9.29774612138887e-32,0.617146427770114,1,1,4.64887306069444e-28,"NMF_2","6424","SFRP4"
"4681",9.68245298650688e-32,0.445530912212988,1,1,4.84122649325344e-28,"NMF_2","4681","NBL1"
"7412",3.29359677888041e-31,0.310218232322077,1,1,1.6467983894402e-27,"NMF_2","7412","VCAM1"
"284119",2.87302197081995e-30,0.415145118906873,1,1,1.43651098540997e-26,"NMF_2","284119","CAVIN1"
"72",3.36509808524195e-30,0.344070692595708,1,1,1.68254904262098e-26,"NMF_2","72","ACTG2"
"5054.1",4.73673952997129e-30,0.587857934713369,1,1,2.36836976498565e-26,"NMF_2","5054","SERPINE1"
"3910",6.15795547276503e-30,0.268842842131267,1,1,3.07897773638252e-26,"NMF_2","3910","LAMA4"
"91179",1.39593362940256e-28,0.270542691171677,1,1,6.97966814701279e-25,"NMF_2","91179","SCARF2"
"56937",2.7103323388911e-28,0.407860340844166,1,1,1.35516616944555e-24,"NMF_2","56937","PMEPA1"
"1833",5.23930484482553e-28,0.32304837686246,1,0.968,2.61965242241277e-24,"NMF_2","1833","EPYC"
"1303",7.37701494686481e-28,0.527997830227686,1,1,3.68850747343241e-24,"NMF_2","1303","COL12A1"
"1265",8.16057125629103e-28,0.371216184342769,1,1,4.08028562814551e-24,"NMF_2","1265","CNN2"
"6387.1",1.94240959177991e-27,0.493493487689827,1,1,9.71204795889953e-24,"NMF_2","6387","CXCL12"
"5740",2.97121382749703e-27,0.466357483378926,1,1,1.48560691374852e-23,"NMF_2","5740","PTGIS"
"9902",4.10821622223764e-27,0.391320377073762,1,1,2.05410811111882e-23,"NMF_2","9902","MRC2"
"5156",4.82914203560483e-27,0.263634404486024,1,1,2.41457101780241e-23,"NMF_2","5156","PDGFRA"
"25960",5.13867334809079e-27,0.268603154233269,1,1,2.5693366740454e-23,"NMF_2","25960","ADGRA2"
"4811",6.19026859221014e-27,0.297697945686659,1,1,3.09513429610507e-23,"NMF_2","4811","NID1"
"114897",6.42489388107416e-27,0.291838696221993,1,1,3.21244694053708e-23,"NMF_2","114897","C1QTNF1"
"9547.1",1.10724619971549e-26,0.414057958335847,1,1,5.53623099857743e-23,"NMF_2","9547","CXCL14"
"3912",1.12099516562713e-26,0.295875721344692,1,1,5.60497582813563e-23,"NMF_2","3912","LAMB1"
"4907",3.68806419178069e-26,0.269198998829082,1,1,1.84403209589034e-22,"NMF_2","4907","NT5E"
"57493",5.79003043915284e-26,0.366761693399203,1,1,2.89501521957642e-22,"NMF_2","57493","HEG1"
"6876",6.30453166000653e-26,0.466949517979048,1,1,3.15226583000326e-22,"NMF_2","6876","TAGLN"
"11167.1",8.23513277530466e-26,0.385366483533074,1,1,4.11756638765233e-22,"NMF_2","11167","FSTL1"
"5654",1.7215863461955e-25,0.393087820792761,1,1,8.60793173097749e-22,"NMF_2","5654","HTRA1"
"94031",2.92167751723746e-25,0.272653524383931,1,1,1.46083875861873e-21,"NMF_2","94031","HTRA3"
"9645",3.21572777705512e-25,0.316564989212936,1,1,1.60786388852756e-21,"NMF_2","9645","MICAL2"
"25878",5.84461046246822e-25,0.446962912974013,1,1,2.92230523123411e-21,"NMF_2","25878","MXRA5"
"4035.1",5.98556716865053e-25,0.397910870167256,1,1,2.99278358432527e-21,"NMF_2","4035","LRP1"
"30846",7.7768478584694e-25,0.340522364651774,1,1,3.8884239292347e-21,"NMF_2","30846","EHD2"
"23213",1.07144414765129e-24,0.547690721623936,1,1,5.35722073825646e-21,"NMF_2","23213","SULF1"
"2162",2.0763476219408e-24,0.338257879872653,1,1,1.0381738109704e-20,"NMF_2","2162","F13A1"
"148113",2.50651240433393e-24,0.270179102133895,1,1,1.25325620216697e-20,"NMF_2","148113","CILP2"
"56944",4.34631457490192e-23,0.298282127796886,1,1,2.17315728745096e-19,"NMF_2","56944","OLFML3"
"3487.1",4.98529142937792e-23,0.379346718933493,1,1,2.49264571468896e-19,"NMF_2","3487","IGFBP4"
"1311.1",9.98268872484427e-23,0.448853715816809,1,0.996,4.99134436242213e-19,"NMF_2","1311","COMP"
"54587.1",1.75736694486856e-22,0.422520351335832,1,1,8.7868347243428e-19,"NMF_2","54587","MXRA8"
"3671",2.49136099352269e-22,0.420116017355995,1,1,1.24568049676134e-18,"NMF_2","3671","ISLR"
"64094",3.01528417180643e-22,0.264097392813102,1,1,1.50764208590321e-18,"NMF_2","64094","SMOC2"
"83483",7.20390871105442e-22,0.260932526621366,1,1,3.60195435552721e-18,"NMF_2","83483","PLVAP"
"1490",8.9949975403337e-22,0.461011497454567,1,1,4.49749877016685e-18,"NMF_2","1490","CCN2"
"8483",1.05043711079482e-21,0.2754069703889,1,1,5.2521855539741e-18,"NMF_2","8483","CILP"
"10457",1.21290893406058e-21,0.402113388548483,1,1,6.06454467030289e-18,"NMF_2","10457","GPNMB"
"3491",1.31044891361684e-21,0.448354820300644,1,1,6.55224456808422e-18,"NMF_2","3491","CCN1"
"55959",2.7688921135088e-21,0.307815168379537,1,1,1.3844460567544e-17,"NMF_2","55959","SULF2"
"861",5.33100171721961e-21,0.310680492944484,1,1,2.66550085860981e-17,"NMF_2","861","RUNX1"
"10409",1.10181685143506e-20,0.269831669916333,1,1,5.50908425717532e-17,"NMF_2","10409","BASP1"
"4053",2.80388647866729e-20,0.332904019493421,1,1,1.40194323933365e-16,"NMF_2","4053","LTBP2"
"2619",4.8258770175959e-20,0.32396089687407,1,1,2.41293850879795e-16,"NMF_2","2619","GAS1"
"3371",1.53892815861326e-19,0.359262835828359,1,1,7.69464079306631e-16,"NMF_2","3371","TNC"
"4239.1",4.83121941643471e-19,0.310311613146677,1,1,2.41560970821735e-15,"NMF_2","4239","MFAP4"
"2697",5.75750102323969e-19,0.324747255851333,1,1,2.87875051161984e-15,"NMF_2","2697","GJA1"
"8076",1.02334487746895e-18,0.286849626744076,1,1,5.11672438734477e-15,"NMF_2","8076","MFAP5"
"1809",1.0445047570561e-18,0.377620885631915,1,1,5.22252378528048e-15,"NMF_2","1809","DPYSL3"
"3956",2.53151404488199e-18,0.312826182095916,1,1,1.265757022441e-14,"NMF_2","3956","LGALS1"
"716",2.55725956783993e-18,0.353102503862289,1,1,1.27862978391996e-14,"NMF_2","716","C1S"
"2199.1",2.82936267819958e-18,0.304398883091339,1,1,1.41468133909979e-14,"NMF_2","2199","FBLN2"
"7052",1.36072759978186e-17,0.458056804854148,1,1,6.8036379989093e-14,"NMF_2","7052","TGM2"
"4837",1.48748268970542e-17,0.351448334691678,1,1,7.43741344852712e-14,"NMF_2","4837","NNMT"
"7070",1.67477114135223e-17,0.351682954796406,1,1,8.37385570676116e-14,"NMF_2","7070","THY1"
"2006.1",2.03992890396872e-17,0.314888123670862,1,1,1.01996445198436e-13,"NMF_2","2006","ELN"
"7837",6.32219365809549e-16,0.316330896142948,1,1,3.16109682904774e-12,"NMF_2","7837","PXDN"
"5919",7.77010464551556e-16,0.280248451221064,1,1,3.88505232275778e-12,"NMF_2","5919","RARRES2"
"6382.1",1.02828974209303e-15,0.314801919109086,1,1,5.14144871046516e-12,"NMF_2","6382","SDC1"
"2202",1.16062129047183e-15,0.25166906861598,1,1,5.80310645235917e-12,"NMF_2","2202","EFEMP1"
"2192.1",1.34126708711693e-13,0.299080255463978,1,1,6.70633543558464e-10,"NMF_2","2192","FBLN1"
"3339.1",1.18794726276935e-12,0.315279713079639,1,1,5.93973631384677e-09,"NMF_2","3339","HSPG2"
"1843",9.28127278531182e-12,0.320017110216522,1,1,4.64063639265591e-08,"NMF_2","1843","DUSP1"
"7805",2.24682466492452e-10,0.254331528218634,1,1,1.12341233246226e-06,"NMF_2","7805","LAPTM5"
"7476",7.41790924974957e-10,0.270997586084107,1,0.993,3.70895462487478e-06,"NMF_2","7476","WNT7A"
"6319",2.72300623851325e-09,0.252859168377547,1,1,1.36150311925663e-05,"NMF_2","6319","SCD"
"6696",6.54733849532696e-09,0.262842505366015,1,1,3.27366924766348e-05,"NMF_2","6696","SPP1"
"1958",2.3720133746315e-08,0.284223528551029,1,1,0.000118600668731575,"NMF_2","1958","EGR1"
"2354",7.08466884184291e-08,0.354281917493249,1,1,0.000354233442092146,"NMF_2","2354","FOSB"
"3481.1",2.36435202484033e-07,0.363356087080916,1,1,0.00118217601242017,"NMF_2","3481","IGF2"
"84152",2.55992959595947e-07,-0.287344674992662,1,1,0.00127996479797974,"NMF_2","84152","PPP1R1B"
"2353",6.1584983061391e-07,0.252982795875963,1,1,0.00307924915306955,"NMF_2","2353","FOS"
"2537",1.30038345315961e-06,-0.270485736034576,1,1,0.00650191726579804,"NMF_2","2537","IFI6"
"57535",1.62623352379892e-06,-0.257568207749426,1,1,0.00813116761899459,"NMF_2","57535","ELAPOR1"
"11170",2.48650754053857e-06,-0.250114898099587,1,1,0.0124325377026928,"NMF_2","11170","FAM107A"
"5016.1",3.98892840944882e-06,-0.260461563640855,1,1,0.0199446420472441,"NMF_2","5016","OVGP1"
"3514.1",4.55090114098693e-06,0.291753263015862,1,1,0.0227545057049346,"NMF_2","3514","IGKC"
"3500.1",4.65164903236062e-06,0.291541068578058,1,1,0.0232582451618031,"NMF_2","3500","IGHG1"
"283120",3.66131951505934e-05,0.286091674241825,1,1,0.183065975752967,"NMF_2","283120","H19"
"92196.1",0.000103187698167589,-0.279458267129411,1,1,0.515938490837946,"NMF_2","92196","DAPL1"
"4837.1",1.77226091606336e-35,-0.585721250671505,1,1,8.86130458031681e-32,"NMF_3","4837","NNMT"
"3115",2.11440854583181e-32,-0.572650755404693,1,1,1.05720427291591e-28,"NMF_3","3115","HLA-DPB1"
"972",6.0174172901572e-32,-0.493280116515283,1,1,3.0087086450786e-28,"NMF_3","972","CD74"
"8822",2.39779828204641e-31,0.305358610734643,1,0.985,1.19889914102321e-27,"NMF_3","8822","FGF17"
"2634",4.0131337116967e-31,-0.331541648546456,1,1,2.00656685584835e-27,"NMF_3","2634","GBP2"
"2207",5.02001106409468e-31,-0.37989018464105,1,1,2.51000553204734e-27,"NMF_3","2207","FCER1G"
"4440",6.27721873474456e-31,0.409722186780121,1,1,3.13860936737228e-27,"NMF_3","4440","MSI1"
"3123.1",9.80431110250218e-31,-0.637995698384406,1,1,4.90215555125109e-27,"NMF_3","3123","HLA-DRB1"
"3113",1.00644144359758e-30,-0.678036471553124,1,1,5.0322072179879e-27,"NMF_3","3113","HLA-DPA1"
"3122",1.3955530014511e-30,-0.627235159047009,1,1,6.97776500725548e-27,"NMF_3","3122","HLA-DRA"
"92312.1",1.59013326436264e-30,0.449153529868176,1,1,7.95066632181321e-27,"NMF_3","92312","MEX3A"
"7305",2.38130711715208e-30,-0.412388615221387,1,1,1.19065355857604e-26,"NMF_3","7305","TYROBP"
"3117",1.43459221962392e-29,-0.55547583036536,1,1,7.17296109811962e-26,"NMF_3","3117","HLA-DQA1"
"3689",3.51140559847948e-29,-0.420918222775431,1,1,1.75570279923974e-25,"NMF_3","3689","ITGB2"
"1520",5.34341168366258e-29,-0.362912330673526,1,1,2.67170584183129e-25,"NMF_3","1520","CTSS"
"83439.1",6.63005665160232e-29,0.428255517149389,1,1,3.31502832580116e-25,"NMF_3","83439","TCF7L1"
"5920.1",7.33763153837522e-29,-0.457194629229833,1,1,3.66881576918761e-25,"NMF_3","5920","PLAAT4"
"1890",7.62186681275238e-29,-0.330027201377125,1,1,3.81093340637619e-25,"NMF_3","1890","TYMP"
"3108.1",1.23226350167844e-28,-0.451030446299977,1,1,6.16131750839218e-25,"NMF_3","3108","HLA-DMA"
"388228.1",1.50770447786488e-28,0.400500713873387,1,1,7.5385223893244e-25,"NMF_3","388228","SBK1"
"5265",3.45331075116887e-28,-0.481639581926291,1,1,1.72665537558443e-24,"NMF_3","5265","SERPINA1"
"6297",4.59448410666751e-27,0.286668584802294,1,1,2.29724205333376e-23,"NMF_3","6297","SALL2"
"10158.1",5.32165070325196e-27,-0.481526332533955,1,1,2.66082535162598e-23,"NMF_3","10158","PDZK1IP1"
"59271",6.1627863092513e-27,-0.265701301807159,1,1,3.08139315462565e-23,"NMF_3","59271","EVA1C"
"23090",6.79548497709271e-27,0.368008850188082,1,1,3.39774248854635e-23,"NMF_3","23090","ZNF423"
"80830",1.8418061711561e-26,-0.363923093234317,1,1,9.20903085578051e-23,"NMF_3","80830","APOL6"
"284069.1",1.95672000516702e-26,0.4064910780662,1,1,9.78360002583509e-23,"NMF_3","284069","FAM171A2"
"84733",2.00465091497077e-26,0.329520180465157,1,1,1.00232545748538e-22,"NMF_3","84733","CBX2"
"56896",4.09057517948546e-26,0.25419385777638,0.989,0.927,2.04528758974273e-22,"NMF_3","56896","DPYSL5"
"929",5.19319490748507e-26,-0.393530095352045,1,1,2.59659745374253e-22,"NMF_3","929","CD14"
"8542",6.5215253325049e-26,-0.464433042565818,1,1,3.26076266625245e-22,"NMF_3","8542","APOL1"
"3934.1",8.08863802561635e-26,-0.697866427202784,1,1,4.04431901280818e-22,"NMF_3","3934","LCN2"
"5996",2.07135222756736e-25,-0.336677308300667,1,1,1.03567611378368e-21,"NMF_3","5996","RGS1"
"712",2.5939519583391e-25,-0.448461489458561,1,1,1.29697597916955e-21,"NMF_3","712","C1QA"
"283248",6.5014192648381e-25,0.298833687826256,1,1,3.25070963241905e-21,"NMF_3","283248","RCOR2"
"7805.1",8.21847694860979e-25,-0.462247746042286,1,1,4.10923847430489e-21,"NMF_3","7805","LAPTM5"
"1280",8.81426361462338e-25,0.322573918476165,1,0.978,4.40713180731169e-21,"NMF_3","1280","COL2A1"
"714",9.23848655890847e-25,-0.503180411339397,1,1,4.61924327945423e-21,"NMF_3","714","C1QC"
"4232.1",1.08803326779407e-24,0.454975337036483,1,1,5.44016633897035e-21,"NMF_3","4232","MEST"
"713",1.49055350898718e-24,-0.520227257577336,1,1,7.45276754493589e-21,"NMF_3","713","C1QB"
"4261",2.99026092370796e-24,-0.336440228350955,1,1,1.49513046185398e-20,"NMF_3","4261","CIITA"
"1536",2.99026092370796e-24,-0.339343294666278,1,1,1.49513046185398e-20,"NMF_3","1536","CYBB"
"8091.1",6.11054451613888e-24,0.582891124929232,1,1,3.05527225806944e-20,"NMF_3","8091","HMGA2"
"4038",7.42701323680217e-24,0.358324658560361,1,1,3.71350661840108e-20,"NMF_3","4038","LRP4"
"5552",7.42701323680217e-24,-0.329323388260875,1,1,3.71350661840108e-20,"NMF_3","5552","SRGN"
"347733",9.55510870838238e-24,0.383874267391258,1,0.996,4.77755435419119e-20,"NMF_3","347733","TUBB2B"
"84467.1",2.40338570573996e-23,0.434104682342047,1,0.996,1.20169285286998e-19,"NMF_3","84467","FBN3"
"2214",2.57249109393545e-23,-0.306559568278014,1,1,1.28624554696772e-19,"NMF_3","2214","FCGR3A"
"6398",3.04855298937701e-23,-0.308085178525506,1,1,1.5242764946885e-19,"NMF_3","6398","SECTM1"
"51222",4.42474533215907e-23,0.287409685269593,1,1,2.21237266607954e-19,"NMF_3","51222","ZNF219"
"9180",9.92721114171434e-23,-0.293904139853856,1,1,4.96360557085717e-19,"NMF_3","9180","OSMR"
"1602",1.12251795970088e-22,0.331939015716063,1,1,5.6125897985044e-19,"NMF_3","1602","DACH1"
"6277.1",1.32696216774237e-22,-0.490676872011629,1,1,6.63481083871185e-19,"NMF_3","6277","S100A6"
"6347",1.45065130038591e-22,-0.281115917458285,1,1,7.25325650192956e-19,"NMF_3","6347","CCL2"
"3119",1.49992033670951e-22,-0.491556703943311,1,1,7.49960168354756e-19,"NMF_3","3119","HLA-DQB1"
"1436",1.62141592394022e-22,-0.357128729792186,1,1,8.10707961970112e-19,"NMF_3","1436","CSF1R"
"3106",2.52739590846194e-22,-0.423620342099864,1,1,1.26369795423097e-18,"NMF_3","3106","HLA-B"
"10220.1",2.76136663150637e-22,0.324496610016338,1,1,1.38068331575318e-18,"NMF_3","10220","GDF11"
"1299",3.29549526423314e-22,0.29692730022518,1,1,1.64774763211657e-18,"NMF_3","1299","COL9A3"
"718.1",3.36907305709869e-22,-0.603722720368887,1,1,1.68453652854934e-18,"NMF_3","718","C3"
"3127",5.12035352840035e-22,-0.505108473324481,1,1,2.56017676420017e-18,"NMF_3","3127","HLA-DRB5"
"547.1",8.57142344178541e-22,0.570943018922223,1,1,4.2857117208927e-18,"NMF_3","547","KIF1A"
"115361",1.15092190334185e-21,-0.310340624014086,1,1,5.75460951670927e-18,"NMF_3","115361","GBP4"
"10500",1.32595859204621e-21,0.267704728344129,1,1,6.62979296023105e-18,"NMF_3","10500","SEMA6C"
"3107",1.64793674275636e-21,-0.384651311076692,1,1,8.23968371378181e-18,"NMF_3","3107","HLA-C"
"6696.1",3.3646854883766e-21,-0.471670938535976,1,1,1.6823427441883e-17,"NMF_3","6696","SPP1"
"5650.1",4.12806733510908e-21,-0.495020745864051,1,1,2.06403366755454e-17,"NMF_3","5650","KLK7"
"9479",1.06927532271441e-20,0.342245583642062,1,1,5.34637661357204e-17,"NMF_3","9479","MAPK8IP1"
"10457.1",1.37978670514402e-20,-0.420346991992042,1,1,6.89893352572012e-17,"NMF_3","10457","GPNMB"
"5698",1.79809742840521e-20,-0.323024823493062,1,1,8.99048714202604e-17,"NMF_3","5698","PSMB9"
"7045.1",5.30906406435898e-20,-0.412764314817613,1,1,2.65453203217949e-16,"NMF_3","7045","TGFBI"
"2535",6.6788107445726e-20,0.310877027110603,1,1,3.3394053722863e-16,"NMF_3","2535","FZD2"
"9915",6.74875744897712e-20,0.252743488913297,1,1,3.37437872448856e-16,"NMF_3","9915","ARNT2"
"1435",1.19464947198126e-19,-0.360671117516546,1,1,5.97324735990629e-16,"NMF_3","1435","CSF1"
"114907",4.58479655135881e-19,-0.338066098368657,1,1,2.29239827567941e-15,"NMF_3","114907","FBXO32"
"284340.1",5.73444171503413e-19,-0.440226600168357,1,1,2.86722085751706e-15,"NMF_3","284340","CXCL17"
"284217",6.47712406103107e-19,0.265269115905739,1,0.996,3.23856203051554e-15,"NMF_3","284217","LAMA1"
"3956.1",7.54024658104116e-19,-0.350263708737347,1,1,3.77012329052058e-15,"NMF_3","3956","LGALS1"
"5328.1",9.32360664210266e-19,-0.295188035568201,1,1,4.66180332105133e-15,"NMF_3","5328","PLAU"
"79679.1",1.09564237608263e-18,-0.470272511986879,1,1,5.47821188041314e-15,"NMF_3","79679","VTCN1"
"116113.1",3.89954028083512e-18,0.363181091845726,1,1,1.94977014041756e-14,"NMF_3","116113","FOXP4"
"4237.1",4.75376224560039e-18,0.371853338127391,1,1,2.37688112280019e-14,"NMF_3","4237","MFAP2"
"140576",5.4591431599779e-18,-0.332179795266293,1,1,2.72957157998895e-14,"NMF_3","140576","S100A16"
"2633",1.07573693959666e-17,-0.305475321095442,1,1,5.37868469798332e-14,"NMF_3","2633","GBP1"
"10397",1.3468617949864e-17,-0.343453147980788,1,1,6.73430897493201e-14,"NMF_3","10397","NDRG1"
"3111",1.41418408064274e-17,-0.286570292832312,1,1,7.07092040321368e-14,"NMF_3","3111","HLA-DOA"
"4502",1.45616016977677e-17,-0.36447488934221,1,1,7.28080084888385e-14,"NMF_3","4502","MT2A"
"153478",1.80391489373632e-17,0.259593015118035,1,1,9.01957446868159e-14,"NMF_3","153478","PLEKHG4B"
"399959",1.98794643388017e-17,0.33195698856405,1,1,9.93973216940083e-14,"NMF_3","399959","MIR100HG"
"54757",2.41333938850458e-17,-0.302128025673624,1,1,1.20666969425229e-13,"NMF_3","54757","FAM20A"
"81618.1",2.98539397908206e-17,0.42927171175397,1,1,1.49269698954103e-13,"NMF_3","81618","ITM2C"
"129080",3.19404475412009e-17,0.280578002504227,1,1,1.59702237706004e-13,"NMF_3","129080","EMID1"
"4283",3.25625765255458e-17,-0.272779263953734,1,1,1.62812882627729e-13,"NMF_3","4283","CXCL9"
"3627",4.34633905247279e-17,-0.343237179837072,1,1,2.17316952623639e-13,"NMF_3","3627","CXCL10"
"8743.1",6.07868032177028e-17,-0.370115200568169,1,1,3.03934016088514e-13,"NMF_3","8743","TNFSF10"
"249",6.94858963695068e-17,0.446024567432338,1,1,3.47429481847534e-13,"NMF_3","249","ALPL"
"1052",1.19479282639192e-16,-0.306375374683555,1,1,5.97396413195962e-13,"NMF_3","1052","CEBPD"
"23166",1.33851758620391e-16,-0.26264687576584,1,1,6.69258793101954e-13,"NMF_3","23166","STAB1"
"482",1.48516834484432e-16,0.274437122484453,1,1,7.42584172422159e-13,"NMF_3","482","ATP1B2"
"2260.1",2.14450716666611e-16,0.334899123992664,1,1,1.07225358333306e-12,"NMF_3","2260","FGFR1"
"3493",2.14450716666611e-16,-0.518115675857466,1,1,1.07225358333306e-12,"NMF_3","3493","IGHA1"
"79971",2.58718549450736e-16,0.351050233607823,1,1,1.29359274725368e-12,"NMF_3","79971","WLS"
"6280",3.2083615983517e-16,-0.373127592848587,1,1,1.60418079917585e-12,"NMF_3","6280","S100A9"
"716.1",3.26885969283071e-16,-0.37777501498226,1,1,1.63442984641536e-12,"NMF_3","716","C1S"
"10644",3.36172087700596e-16,0.316391955640356,1,1,1.68086043850298e-12,"NMF_3","10644","IGF2BP2"
"4582.1",4.65724228877564e-16,-0.362878721760374,1,1,2.32862114438782e-12,"NMF_3","4582","MUC1"
"23213.1",5.55520684712091e-16,-0.461613608796584,1,1,2.77760342356046e-12,"NMF_3","23213","SULF1"
"4069",5.9273585770975e-16,-0.297795383218946,1,1,2.96367928854875e-12,"NMF_3","4069","LYZ"
"6890",6.3240528008942e-16,-0.309796970246861,1,1,3.1620264004471e-12,"NMF_3","6890","TAP1"
"64344",6.56236291078997e-16,0.28784744058073,1,1,3.28118145539499e-12,"NMF_3","64344","HIF3A"
"3975.1",8.56335450458953e-16,0.403757649924965,1,0.953,4.28167725229476e-12,"NMF_3","3975","LHX1"
"290",1.09913793223498e-15,-0.337438897262261,1,1,5.49568966117488e-12,"NMF_3","290","ANPEP"
"5655.1",1.09913793223498e-15,-0.419370910225995,1,1,5.49568966117488e-12,"NMF_3","5655","KLK10"
"301",1.19369031570371e-15,-0.346834744349045,1,1,5.96845157851854e-12,"NMF_3","301","ANXA1"
"3240.1",1.32018743845334e-15,-0.421772934808907,1,1,6.6009371922667e-12,"NMF_3","3240","HP"
"9746",2.06392923738749e-15,0.281168702273777,1,1,1.03196461869375e-11,"NMF_3","9746","CLSTN3"
"259307",3.01989104471278e-15,-0.312821970767545,1,1,1.50994552235639e-11,"NMF_3","259307","IL4I1"
"3359",3.58456517749226e-15,-0.256970301071533,0.957,1,1.79228258874613e-11,"NMF_3","3359","HTR3A"
"6482",5.22823872268448e-15,-0.295947987339541,1,1,2.61411936134224e-11,"NMF_3","6482","ST3GAL1"
"338707",5.87344150751343e-15,0.254273594801431,1,1,2.93672075375672e-11,"NMF_3","338707","B4GALNT4"
"3501.1",5.87344150751343e-15,-0.371013199004633,0.989,1,2.93672075375672e-11,"NMF_3","3501","IGHG2"
"3383",1.11461995560941e-14,-0.281360130290117,1,1,5.57309977804703e-11,"NMF_3","3383","ICAM1"
"5918",1.21772009005148e-14,-0.317956883758188,1,1,6.08860045025741e-11,"NMF_3","5918","RARRES1"
"116159",1.46572958379544e-14,0.339684534157214,1,1,7.32864791897718e-11,"NMF_3","116159","CYYR1"
"8425.1",1.77883919092355e-14,0.431496545192951,1,1,8.89419595461776e-11,"NMF_3","8425","LTBP4"
"9074.1",2.6152484970843e-14,0.530615400437052,1,1,1.30762424854215e-10,"NMF_3","9074","CLDN6"
"2878",2.90387812212657e-14,-0.486347370904551,1,1,1.45193906106329e-10,"NMF_3","2878","GPX3"
"8549",3.03318716875332e-14,0.373204213603757,1,1,1.51659358437666e-10,"NMF_3","8549","LGR5"
"9235",4.76288751693046e-14,-0.254638856488984,1,1,2.38144375846523e-10,"NMF_3","9235","IL32"
"1604",5.01634983677721e-14,-0.26165992715499,1,1,2.50817491838861e-10,"NMF_3","1604","CD55"
"2018",8.62264474348791e-14,0.306484582364865,1,1,4.31132237174396e-10,"NMF_3","2018","EMX2"
"7127",1.30955607053037e-13,-0.3540599698602,1,1,6.54778035265186e-10,"NMF_3","7127","TNFAIP2"
"1513.2",2.12127474390789e-13,-0.317909129576546,1,1,1.06063737195395e-09,"NMF_3","1513","CTSK"
"1001",2.91921017067816e-13,0.309932616109518,1,1,1.45960508533908e-09,"NMF_3","1001","CDH3"
"655.1",3.17414499624587e-13,0.398956121547422,1,1,1.58707249812294e-09,"NMF_3","655","BMP7"
"8828",3.17414499624587e-13,-0.27529521992153,1,1,1.58707249812294e-09,"NMF_3","8828","NRP2"
"3512",3.28213258493031e-13,-0.30401673073006,1,1,1.64106629246515e-09,"NMF_3","3512","JCHAIN"
"4854.1",3.7513423873594e-13,0.313769016025788,1,1,1.8756711936797e-09,"NMF_3","4854","NOTCH3"
"22801.1",4.07741817150491e-13,-0.278229736292953,1,1,2.03870908575246e-09,"NMF_3","22801","ITGA11"
"2201",4.69675842720451e-13,0.29434994987102,1,1,2.34837921360225e-09,"NMF_3","2201","FBN2"
"10568",4.8152575828385e-13,-0.363324003890223,1,1,2.40762879141925e-09,"NMF_3","10568","SLC34A2"
"6664",9.95049063998634e-13,0.38907492503852,1,0.982,4.97524531999317e-09,"NMF_3","6664","SOX11"
"54756",1.01155052290277e-12,0.253068892568056,1,1,5.05775261451385e-09,"NMF_3","54756","IL17RD"
"7057.1",1.05382393627864e-12,-0.339049895861671,1,1,5.26911968139322e-09,"NMF_3","7057","THBS1"
"10581",1.07121452670959e-12,-0.291475540794169,1,1,5.35607263354797e-09,"NMF_3","10581","IFITM2"
"400916",1.09782970353528e-12,-0.265562557789451,1,1,5.48914851767638e-09,"NMF_3","400916","CHCHD10"
"222",1.13432824889708e-12,-0.282906688870331,1,1,5.67164124448542e-09,"NMF_3","222","ALDH3B2"
"4071",1.48452909681633e-12,-0.280255113761519,1,1,7.42264548408165e-09,"NMF_3","4071","TM4SF1"
"10631.2",1.57144483258461e-12,-0.459364741276944,1,1,7.85722416292303e-09,"NMF_3","10631","POSTN"
"28825.1",1.6014470174251e-12,-0.259166390580966,0.86,0.996,8.00723508712548e-09,"NMF_3","28825","IGLV1-40"
"1298",1.77484555725417e-12,0.382065274318119,1,1,8.87422778627086e-09,"NMF_3","1298","COL9A2"
"28912.1",1.78917916820763e-12,-0.370438634738638,0.946,1,8.94589584103814e-09,"NMF_3","28912","IGKV3-20"
"7058.2",2.35520883745449e-12,-0.357068114356228,1,1,1.17760441872724e-08,"NMF_3","7058","THBS2"
"64857.1",2.63627668895568e-12,0.285768818217615,1,1,1.31813834447784e-08,"NMF_3","64857","PLEKHG2"
"56265",2.722453629331e-12,0.318118196438498,1,1,1.3612268146655e-08,"NMF_3","56265","CPXM1"
"5076.1",3.01468856247176e-12,0.417399741548269,1,0.938,1.50734428123588e-08,"NMF_3","5076","PAX2"
"56241",5.15856885908972e-12,-0.316671871726685,1,1,2.57928442954486e-08,"NMF_3","56241","SUSD2"
"4881",5.24111886497429e-12,-0.293032902577599,1,1,2.62055943248714e-08,"NMF_3","4881","NPR1"
"5066.1",5.45320054544232e-12,0.280790156435991,1,1,2.72660027272116e-08,"NMF_3","5066","PAM"
"4493",5.49661521769009e-12,-0.317114779480034,1,1,2.74830760884504e-08,"NMF_3","4493","MT1E"
"1580.1",7.42268047732003e-12,-0.348908437150227,1,1,3.71134023866002e-08,"NMF_3","1580","CYP4B1"
"4060.2",8.09433297812344e-12,-0.526032053322967,1,1,4.04716648906172e-08,"NMF_3","4060","LUM"
"151354",9.69683237578327e-12,0.315501366117138,1,1,4.84841618789163e-08,"NMF_3","151354","LRATD1"
"30850",1.08203437349566e-11,-0.254444393458447,1,1,5.41017186747829e-08,"NMF_3","30850","CDR2L"
"3539.1",1.9088844925929e-11,-0.320749922142096,1,1,9.5444224629645e-08,"NMF_3","3539","IGLC3"
"9249",2.03058957895365e-11,-0.279585337005641,1,1,1.01529478947683e-07,"NMF_3","9249","DHRS3"
"6624.1",2.24474663290888e-11,0.268196810104572,1,1,1.12237331645444e-07,"NMF_3","6624","FSCN1"
"7538",2.48096721666281e-11,-0.300639935204874,1,1,1.24048360833141e-07,"NMF_3","7538","ZFP36"
"3507.1",3.21985795484521e-11,-0.376897170317062,1,1,1.60992897742261e-07,"NMF_3","3507","IGHM"
"8788",3.49438651262717e-11,0.306932038932344,0.957,0.825,1.74719325631359e-07,"NMF_3","8788","DLK1"
"1295.2",3.50212287340614e-11,-0.317865718272003,1,1,1.75106143670307e-07,"NMF_3","1295","COL8A1"
"7846.1",3.8670254291457e-11,0.289943198659621,1,1,1.93351271457285e-07,"NMF_3","7846","TUBA1A"
"5054.2",4.1411817963456e-11,-0.305378881025658,1,1,2.0705908981728e-07,"NMF_3","5054","SERPINE1"
"1000",5.08280175803427e-11,0.334591747888634,1,1,2.54140087901714e-07,"NMF_3","1000","CDH2"
"6035",6.57036810788012e-11,-0.281776430563354,1,1,3.28518405394006e-07,"NMF_3","6035","RNASE1"
"55504",7.4103311466796e-11,0.252819537428875,1,1,3.7051655733398e-07,"NMF_3","55504","TNFRSF19"
"4681.1",8.23077974339057e-11,-0.257129136318387,1,1,4.11538987169529e-07,"NMF_3","4681","NBL1"
"94025",8.41781430457137e-11,-0.365449395234761,1,1,4.20890715228568e-07,"NMF_3","94025","MUC16"
"56649",8.60900253564906e-11,-0.293805657632633,1,1,4.30450126782453e-07,"NMF_3","56649","TMPRSS4"
"57348",1.07701104263934e-10,0.261697315851805,1,1,5.38505521319669e-07,"NMF_3","57348","TTYH1"
"2335.2",1.1775811679518e-10,-0.41262974216238,1,1,5.887905839759e-07,"NMF_3","2335","FN1"
"5176.2",1.3761072263111e-10,-0.271060465247416,1,1,6.8805361315555e-07,"NMF_3","5176","SERPINF1"
"3538.1",1.90390925179483e-10,-0.328366421693945,1,1,9.51954625897415e-07,"NMF_3","3538","IGLC2"
"23089",2.14120089771603e-10,0.3014886343474,1,1,1.07060044885802e-06,"NMF_3","23089","PEG10"
"3691",2.74534527120908e-10,-0.30096843820768,1,1,1.37267263560454e-06,"NMF_3","3691","ITGB4"
"150696.1",3.08443769355053e-10,-0.28098023616355,1,1,1.54221884677527e-06,"NMF_3","150696","PROM2"
"1303.1",4.6920880060051e-10,-0.309096089808648,1,1,2.34604400300255e-06,"NMF_3","1303","COL12A1"
"4487",4.93437088547521e-10,0.320027424619114,1,1,2.4671854427376e-06,"NMF_3","4487","MSX1"
"6424.2",6.16236497267598e-10,-0.310808240277648,1,1,3.08118248633799e-06,"NMF_3","6424","SFRP4"
"53834",6.29593321982113e-10,0.2742907078185,1,1,3.14796660991057e-06,"NMF_3","53834","FGFRL1"
"3502.1",8.31157299164817e-10,-0.317650643370627,1,1,4.15578649582408e-06,"NMF_3","3502","IGHG3"
"3514.2",9.04967382545702e-10,-0.521381753149928,1,1,4.52483691272851e-06,"NMF_3","3514","IGKC"
"1634.2",1.04980343497407e-09,-0.373804177539986,1,1,5.24901717487035e-06,"NMF_3","1634","DCN"
"28908.1",1.29623611763972e-09,-0.279400296740498,0.914,0.996,6.48118058819862e-06,"NMF_3","28908","IGKV4-1"
"1116.1",1.59960192757909e-09,-0.319572273135053,1,1,7.99800963789547e-06,"NMF_3","1116","CHI3L1"
"6423.2",1.75139965904591e-09,-0.382989848157182,1,0.996,8.75699829522956e-06,"NMF_3","6423","SFRP2"
"1410",2.15724335725009e-09,-0.290547206875966,1,1,1.07862167862505e-05,"NMF_3","1410","CRYAB"
"1152",3.00408707402534e-09,0.294117034698378,1,1,1.50204353701267e-05,"NMF_3","1152","CKB"
"1462.2",3.39877571552898e-09,-0.337062318798721,1,1,1.69938785776449e-05,"NMF_3","1462","VCAN"
"80139",3.4456280860873e-09,0.300955222618238,1,1,1.72281404304365e-05,"NMF_3","80139","ZNF703"
"3488.1",3.54122661659911e-09,0.285504711837054,1,1,1.77061330829956e-05,"NMF_3","3488","IGFBP5"
"4070.1",4.31583257751544e-09,-0.285302643825725,1,1,2.15791628875772e-05,"NMF_3","4070","TACSTD2"
"30061",4.40479875409667e-09,-0.275832751004909,1,1,2.20239937704833e-05,"NMF_3","30061","SLC40A1"
"283131",4.43484884028534e-09,-0.30131359686689,1,1,2.21742442014267e-05,"NMF_3","283131","NEAT1"
"59.2",5.62193590641736e-09,-0.305300074292368,1,1,2.81096795320868e-05,"NMF_3","59","ACTA2"
"8519",6.47699552890854e-09,-0.266551811800648,1,1,3.23849776445427e-05,"NMF_3","8519","IFITM1"
"5653",7.76390962524947e-09,-0.290420961226857,1,1,3.88195481262473e-05,"NMF_3","5653","KLK6"
"7345",8.41269975037177e-09,0.357170747408425,1,1,4.20634987518588e-05,"NMF_3","7345","UCHL1"
"11012",1.06206984153887e-08,-0.27593883184001,1,1,5.31034920769434e-05,"NMF_3","11012","KLK11"
"3429.1",1.09789032200554e-08,-0.340554391240496,1,1,5.48945161002771e-05,"NMF_3","3429","IFI27"
"3400",1.81081160028587e-08,0.269922640426124,1,1,9.05405800142933e-05,"NMF_3","3400","ID4"
"10418",2.3344493826192e-08,-0.308013426614302,1,1,0.00011672246913096,"NMF_3","10418","SPON1"
"1290.2",2.98456588077457e-08,-0.376594445794099,1,1,0.000149228294038728,"NMF_3","1290","COL5A2"
"3500.2",3.35081943819345e-08,-0.43157205208029,1,1,0.000167540971909672,"NMF_3","3500","IGHG1"
"6623.1",5.16998858011423e-08,-0.287213776234203,1,1,0.000258499429005712,"NMF_3","6623","SNCG"
"2719",5.83001982345666e-08,0.283355893731593,1,1,0.000291500991172833,"NMF_3","2719","GPC3"
"1281.2",7.04151184591272e-08,-0.354953646747368,1,1,0.000352075592295636,"NMF_3","1281","COL3A1"
"56901",7.78394357612767e-08,0.258597614393619,1,1,0.000389197178806384,"NMF_3","56901","NDUFA4L2"
"1293.2",7.78394357612767e-08,-0.335996135537075,1,1,0.000389197178806384,"NMF_3","1293","COL6A3"
"6590.1",1.20239229406058e-07,-0.296822770381798,1,1,0.000601196147030292,"NMF_3","6590","SLPI"
"4320.2",1.62433815785831e-07,-0.490854604243991,1,1,0.000812169078929153,"NMF_3","4320","MMP11"
"1277.2",2.83444861558327e-07,-0.260504477509857,1,1,0.00141722430779164,"NMF_3","1277","COL1A1"
"7052.1",3.6855934104399e-07,-0.280531977778765,1,1,0.00184279670521995,"NMF_3","7052","TGM2"
"1356",6.71258725039844e-07,-0.270811452601054,1,1,0.00335629362519922,"NMF_3","1356","CP"
"2353.1",8.4622099569559e-07,-0.250698770911056,1,1,0.00423110497847795,"NMF_3","2353","FOS"
"151887.2",1.03467247934243e-06,-0.250238780928956,1,1,0.00517336239671214,"NMF_3","151887","CCDC80"
"6876.1",1.39889465603278e-06,-0.272123796448588,1,1,0.00699447328016389,"NMF_3","6876","TAGLN"
"27344",1.62905574031378e-06,0.286490127892378,1,1,0.00814527870156892,"NMF_3","27344","PCSK1N"
"4313.2",1.88481912990975e-06,-0.309911950033276,1,1,0.00942409564954875,"NMF_3","4313","MMP2"
"1289.2",9.50079844577171e-06,-0.372132221709526,1,1,0.0475039922288585,"NMF_3","1289","COL5A1"
"335",1.53668399332685e-05,0.289309522509366,1,1,0.0768341996663424,"NMF_3","335","APOA1"
"894.1",1.6172085977203e-05,0.368478022349239,1,1,0.0808604298860148,"NMF_3","894","CCND2"
"4316",1.81795269668714e-05,-0.269581695045494,1,1,0.0908976348343572,"NMF_3","4316","MMP7"
"1301.2",2.351064387057e-05,-0.339238694638708,1,1,0.11755321935285,"NMF_3","1301","COL11A1"
"79875",2.88437071299077e-05,-0.294990096205729,1,1,0.144218535649539,"NMF_3","79875","THSD4"
"25818.1",0.000568821811911338,-0.294219062852647,1,1,1,"NMF_3","25818","KLK5"
"51237",3.6600517288182e-22,0.447634113792675,1,1,1.8300258644091e-18,"NMF_1","51237","MZB1"
"3514.3",7.6661891061309e-22,1.27294970280572,1,1,3.83309455306545e-18,"NMF_1","3514","IGKC"
"3500.3",8.04330168781003e-22,1.26694835902017,1,1,4.02165084390502e-18,"NMF_1","3500","IGHG1"
"3512.1",2.19257431527068e-21,0.977704985014604,1,1,1.09628715763534e-17,"NMF_1","3512","JCHAIN"
"973",2.86866852906584e-21,0.364614784015325,1,1,1.43433426453292e-17,"NMF_1","973","CD79A"
"57823",3.30628054626812e-21,0.391007875682016,1,1,1.65314027313406e-17,"NMF_1","57823","SLAMF7"
"28912.2",2.39485843366487e-20,1.18412989082057,1,0.985,1.19742921683244e-16,"NMF_1","28912","IGKV3-20"
"28908.2",4.49433420954024e-20,1.19497461174132,1,0.973,2.24716710477012e-16,"NMF_1","28908","IGKV4-1"
"3538.2",8.93248634587293e-20,1.13520567360331,1,1,4.46624317293646e-16,"NMF_1","3538","IGLC2"
"28442.1",2.80996425616423e-19,0.823134060450613,1,0.973,1.40498212808212e-15,"NMF_1","28442","IGHV3-23"
"3502.2",3.68054431836058e-19,0.921274020379755,1,1,1.84027215918029e-15,"NMF_1","3502","IGHG3"
"28439.1",4.32942948863205e-19,0.799789810912297,1,0.961,2.16471474431603e-15,"NMF_1","28439","IGHV3-30"
"28778",4.72706012377118e-19,0.723517897619739,1,0.952,2.36353006188559e-15,"NMF_1","28778","IGLV6-57"
"28914.1",9.66017641170191e-19,1.0160097538937,1,0.979,4.83008820585096e-15,"NMF_1","28914","IGKV3-11"
"28299.1",1.43791847518203e-18,1.12372640567123,1,0.985,7.18959237591016e-15,"NMF_1","28299","IGKV1-5"
"3501.2",1.7149291152317e-18,0.953925615219204,1,0.997,8.57464557615851e-15,"NMF_1","3501","IGHG2"
"28392",2.42969831314982e-18,0.705406732817447,1,0.955,1.21484915657491e-14,"NMF_1","28392","IGHV4-59"
"28468.1",2.47046332082565e-18,0.866440496983217,1,0.973,1.23523166041282e-14,"NMF_1","28468","IGHV1-18"
"28434",2.84467284135391e-18,0.637800337493497,1,0.943,1.42233642067696e-14,"NMF_1","28434","IGHV3-33"
"28913",3.71144039461329e-18,0.627837516982014,1,0.967,1.85572019730664e-14,"NMF_1","28913","IGKV3-15"
"28822",4.10169396817669e-18,0.861478909002478,1,0.955,2.05084698408834e-14,"NMF_1","28822","IGLV1-47"
"28796.1",4.73208092397616e-18,0.848377599830194,1,0.946,2.36604046198808e-14,"NMF_1","28796","IGLV3-21"
"28793",5.23984939271952e-18,0.68755260903683,1,0.949,2.61992469635976e-14,"NMF_1","28793","IGLV3-25"
"3539.2",5.33593083561983e-18,0.990900562167003,1,1,2.66796541780992e-14,"NMF_1","3539","IGLC3"
"28388",5.47834028436205e-18,0.745557688877981,1,0.955,2.73917014218103e-14,"NMF_1","28388","IGHV5-51"
"28815.1",5.98865967260837e-18,0.833362838412105,1,0.985,2.99432983630419e-14,"NMF_1","28815","IGLV2-14"
"28450",7.09474487414353e-18,0.407862915026618,1,0.895,3.54737243707176e-14,"NMF_1","28450","IGHV3-11"
"28813.1",7.63151036730132e-18,0.880862845797987,1,0.955,3.81575518365066e-14,"NMF_1","28813","IGLV2-23"
"28825.2",8.68921331321345e-18,1.05786810461766,1,0.958,4.34460665660672e-14,"NMF_1","28825","IGLV1-40"
"28816",8.752834260145e-18,0.510624752865718,1,0.931,4.3764171300725e-14,"NMF_1","28816","IGLV2-11"
"3507.2",1.07959633574844e-17,1.13927646277823,1,1,5.39798167874222e-14,"NMF_1","3507","IGHM"
"28452",1.37375492551709e-17,0.541174068786285,1,0.958,6.86877462758545e-14,"NMF_1","28452","IGHV3-7"
"28457",1.39185120475542e-17,0.693802765458555,1,0.895,6.95925602377708e-14,"NMF_1","28457","IGHV2-5"
"28420",1.39854353393156e-17,0.251612831364253,1,0.846,6.99271766965779e-14,"NMF_1","28420","IGHV3-53"
"28461",1.55142532679812e-17,0.383164237551718,1,0.798,7.75712663399062e-14,"NMF_1","28461","IGHV1-69"
"102723169",1.98578926505581e-17,0.469500006225734,1,0.913,9.92894632527904e-14,"NMF_1","102723169","IGHV1-69D"
"28394.1",2.29323953931775e-17,0.890847737255549,1,0.961,1.14661976965888e-13,"NMF_1","28394","IGHV4-39"
"28465",2.66037970541346e-17,0.386341670536171,1,0.931,1.33018985270673e-13,"NMF_1","28465","IGHV1-46"
"28444.1",2.74934674446074e-17,0.759642216245671,1,0.946,1.37467337223037e-13,"NMF_1","28444","IGHV3-21"
"28408",3.21997475279645e-17,0.459185180149411,1,0.961,1.60998737639822e-13,"NMF_1","28408","IGHV3-74"
"28817",4.30174736659343e-17,0.463182433993052,1,0.934,2.15087368329671e-13,"NMF_1","28817","IGLV2-8"
"28937",4.32314005389881e-17,0.377505365794613,1,0.895,2.16157002694941e-13,"NMF_1","28937","IGKV1-17"
"28935",4.67156326926525e-17,0.355879268382923,1,0.904,2.33578163463262e-13,"NMF_1","28935","IGKV1-27"
"4283.1",7.69493236964489e-17,0.694904040313707,1,1,3.84746618482244e-13,"NMF_1","4283","CXCL9"
"28823",8.2444753978994e-17,0.69038067272687,1,0.97,4.1222376989497e-13,"NMF_1","28823","IGLV1-44"
"28424",1.22514895542785e-16,0.614157301692636,1,0.934,6.12574477713927e-13,"NMF_1","28424","IGHV3-48"
"3493.1",1.79227522399978e-16,0.921771614131854,1,1,8.96137611999888e-13,"NMF_1","3493","IGHA1"
"28445",2.39393503909325e-16,0.332349051034267,1,0.738,1.19696751954663e-12,"NMF_1","28445","IGHV3-20"
"28385",2.7618950273205e-16,0.282689494770112,1,0.889,1.38094751366025e-12,"NMF_1","28385","IGHV6-1"
"28474",2.91742447107294e-16,0.673826839454456,1,0.889,1.45871223553647e-12,"NMF_1","28474","IGHV1-2"
"28797",3.63910247933198e-16,0.805272754793687,1,0.943,1.81955123966599e-12,"NMF_1","28797","IGLV3-19"
"28940",5.41549098154984e-16,0.39981436225406,1,0.895,2.70774549077492e-12,"NMF_1","28940","IGKV1-12"
"28755",7.20645863173205e-16,0.250799087318327,1,1,3.60322931586602e-12,"NMF_1","28755","TRAC"
"28941",7.37150286757243e-16,0.583010314668129,1,0.91,3.68575143378622e-12,"NMF_1","28941","IGKV1-9"
"28395",1.28900262213964e-15,0.258338274003777,1,0.925,6.44501311069819e-12,"NMF_1","28395","IGHV4-34"
"28878",2.1356009295287e-15,0.292781277662555,1,0.648,1.06780046476435e-11,"NMF_1","28878","IGKV2D-40"
"28409",2.30006812045691e-15,0.364323103414235,1,0.877,1.15003406022845e-11,"NMF_1","28409","IGHV3-73"
"10563",2.67243203579137e-15,0.255950438462219,1,0.988,1.33621601789568e-11,"NMF_1","10563","CXCL13"
"28448",3.68603262313691e-15,0.489456777243963,1,0.928,1.84301631156845e-11,"NMF_1","28448","IGHV3-15"
"28938",4.14673073085631e-15,0.329340825309725,1,0.901,2.07336536542816e-11,"NMF_1","28938","IGKV1-16"
"28423",5.0550470975183e-15,0.472026568749909,1,0.861,2.52752354875915e-11,"NMF_1","28423","IGHV3-49"
"6352",5.09718110709991e-15,0.406751059863201,1,1,2.54859055354996e-11,"NMF_1","6352","CCL5"
"28398",1.37005965532408e-14,0.350461252702621,1,0.88,6.85029827662041e-11,"NMF_1","28398","IGHV4-30-2"
"28467",2.04588395232591e-14,0.36389568153213,1,0.858,1.02294197616296e-10,"NMF_1","28467","IGHV1-24"
"28803",3.28600243147587e-14,0.365727251805791,1,0.883,1.64300121573793e-10,"NMF_1","28803","IGLV3-10"
"28455",6.203808584131e-14,0.288473439439338,1,0.777,3.1019042920655e-10,"NMF_1","28455","IGHV2-26"
"3503",6.48554639517312e-14,0.56394224060795,1,1,3.24277319758656e-10,"NMF_1","3503","IGHG4"
"4069.1",7.54097579829678e-14,0.544711894935818,1,1,3.77048789914839e-10,"NMF_1","4069","LYZ"
"28784",1.06013816278597e-13,0.452660583279605,1,0.898,5.30069081392985e-10,"NMF_1","28784","IGLV4-69"
"963",2.30780868358947e-13,0.28861147023523,1,1,1.15390434179473e-09,"NMF_1","963","CD53"
"28401",2.43037308899909e-13,0.548159625595774,1,0.867,1.21518654449954e-09,"NMF_1","28401","IGHV4-4"
"3494",3.41700034162175e-13,0.357532491483272,1,0.991,1.70850017081088e-09,"NMF_1","3494","IGHA2"
"28923",4.99612043177964e-13,0.301340214669821,1,0.88,2.49806021588982e-09,"NMF_1","28923","IGKV2-24"
"712.1",8.58430085767094e-13,0.460786999726268,1,1,4.29215042883547e-09,"NMF_1","712","C1QA"
"713.1",1.30522429703899e-12,0.487173734032036,1,1,6.52612148519494e-09,"NMF_1","713","C1QB"
"102723170",2.3568422580304e-12,0.336861128203775,1,0.732,1.1784211290152e-08,"NMF_1","102723170","IGHV3-64D"
"3627.1",5.80867465688906e-12,0.501128642912265,1,1,2.90433732844453e-08,"NMF_1","3627","CXCL10"
"5552.1",7.07049945196441e-12,0.340692725478773,1,1,3.5352497259822e-08,"NMF_1","5552","SRGN"
"115362",7.07049945196441e-12,0.27512850387532,1,1,3.5352497259822e-08,"NMF_1","115362","GBP5"
"28454",7.11734674946451e-12,0.269408865054436,0.972,0.78,3.55867337473225e-08,"NMF_1","28454","IGHV2-70"
"28473",7.52942686752316e-12,0.536478586265778,1,0.867,3.76471343376158e-08,"NMF_1","28473","IGHV1-3"
"11006",1.15850604891361e-11,0.266114993767369,1,1,5.79253024456804e-08,"NMF_1","11006","LILRB4"
"2207.1",1.1988913828501e-11,0.368359440899319,1,1,5.99445691425051e-08,"NMF_1","2207","FCER1G"
"3117.1",1.32850092732783e-11,0.528453909812152,1,1,6.64250463663917e-08,"NMF_1","3117","HLA-DQA1"
"714.1",2.06759819271083e-11,0.434180402364047,1,1,1.03379909635541e-07,"NMF_1","714","C1QC"
"2214.1",2.39391846375098e-11,0.341544700055595,1,1,1.19695923187549e-07,"NMF_1","2214","FCGR3A"
"7305.1",5.05839999484988e-11,0.359467580275022,1,1,2.52919999742494e-07,"NMF_1","7305","TYROBP"
"1520.1",1.66527800187802e-10,0.319763404619582,1,1,8.32639000939012e-07,"NMF_1","1520","CTSS"
"7805.2",4.48889419439636e-10,0.392672892500269,1,1,2.24444709719818e-06,"NMF_1","7805","LAPTM5"
"64231",4.98713372140758e-10,0.258031170163898,1,1,2.49356686070379e-06,"NMF_1","64231","MS4A6A"
"115361.1",7.81798899295364e-10,0.339211906537179,1,1,3.90899449647682e-06,"NMF_1","115361","GBP4"
"1536.1",9.42304428260758e-10,0.339362287395392,1,1,4.71152214130379e-06,"NMF_1","1536","CYBB"
"1890.1",1.76293528382598e-09,0.327392509630371,1,1,8.81467641912989e-06,"NMF_1","1890","TYMP"
"3106.1",2.07434889746589e-09,0.31046153099067,1,1,1.03717444873294e-05,"NMF_1","3106","HLA-B"
"3122.1",6.17021287307169e-09,0.372838416708752,1,1,3.08510643653585e-05,"NMF_1","3122","HLA-DRA"
"3113.1",8.28317124865166e-09,0.436410585112534,1,1,4.14158562432583e-05,"NMF_1","3113","HLA-DPA1"
"348",9.77712927514905e-09,0.331976288174671,1,1,4.88856463757452e-05,"NMF_1","348","APOE"
"3115.1",1.28262211583368e-08,0.398858911808552,1,1,6.41311057916839e-05,"NMF_1","3115","HLA-DPB1"
"6890.1",1.51089078628755e-08,0.321395391042036,1,1,7.55445393143776e-05,"NMF_1","6890","TAP1"
"4318",1.66311204129084e-08,0.343836191765581,1,1,8.31556020645419e-05,"NMF_1","4318","MMP9"
"80830.1",1.79551667556455e-08,0.261900432867409,1,1,8.97758337782276e-05,"NMF_1","80830","APOL6"
"3123.2",2.01350792093043e-08,0.380709488503337,1,1,0.000100675396046522,"NMF_1","3123","HLA-DRB1"
"3689.1",4.24066369119723e-08,0.314408332621185,1,1,0.000212033184559861,"NMF_1","3689","ITGB2"
"929.1",4.32046154222107e-08,0.293225959912326,1,1,0.000216023077111054,"NMF_1","929","CD14"
"5698.1",5.1072866495835e-08,0.290683163096607,1,1,0.000255364332479175,"NMF_1","5698","PSMB9"
"2633.1",6.20140582304121e-08,0.28978538616092,1,1,0.00031007029115206,"NMF_1","2633","GBP1"
"2634.1",6.43413076092985e-08,0.260548186418887,1,1,0.000321706538046492,"NMF_1","2634","GBP2"
"53834.1",2.91011211685811e-07,-0.318645572721294,1,1,0.00145505605842906,"NMF_1","53834","FGFRL1"
"3119.1",3.81344007016866e-07,0.4312781912107,1,1,0.00190672003508433,"NMF_1","3119","HLA-DQB1"
"3107.1",8.66820800988682e-07,0.261729074936046,1,1,0.00433410400494341,"NMF_1","3107","HLA-C"
"3108.2",9.75114270542275e-07,0.31093982002679,1,1,0.00487557135271137,"NMF_1","3108","HLA-DMA"
"3109",1.016858754322e-06,0.274523174144079,1,1,0.00508429377161,"NMF_1","3109","HLA-DMB"
"3127.1",1.02541161160967e-06,0.405655473301729,1,1,0.00512705805804836,"NMF_1","3127","HLA-DRB5"
"5996.1",1.68680915926404e-06,0.258557964833787,1,1,0.00843404579632022,"NMF_1","5996","RGS1"
"140606",3.41365515167675e-06,0.299534864805673,1,1,0.0170682757583837,"NMF_1","140606","SELENOM"
"3111.1",6.98606218907231e-06,0.264886906512693,1,1,0.0349303109453615,"NMF_1","3111","HLA-DOA"
"56265.1",1.77692596799236e-05,-0.29189486080725,1,1,0.0888462983996178,"NMF_1","56265","CPXM1"
"595",5.29645337075035e-05,-0.3001547442835,1,1,0.264822668537517,"NMF_1","595","CCND1"
"196047",5.68182679330982e-05,-0.279774641004765,1,1,0.284091339665491,"NMF_1","196047","EMX2OS"
"3429.2",6.95518984633755e-05,0.286622370972627,1,1,0.347759492316878,"NMF_1","3429","IFI27"
"547.2",0.000300441037596147,-0.31547033436643,1,1,1,"NMF_1","547","KIF1A"
"6696.2",0.000341066407470788,0.253683875961877,1,1,1,"NMF_1","6696","SPP1"
"5918.1",0.000629379960388841,0.276871106554445,1,1,1,"NMF_1","5918","RARRES1"
"1116.2",0.000781560004337737,0.260298109590674,1,1,1,"NMF_1","1116","CHI3L1"
"1958.1",0.00317605759134363,-0.279675587541265,1,1,1,"NMF_1","1958","EGR1"
"2354.1",0.00917632497833491,-0.269215927926214,1,1,1,"NMF_1","2354","FOSB"
"5284",0.00962776864679734,0.309193417766677,1,0.994,1,"NMF_1","5284","PIGR"
